,name,image_link,product_link
0, Hilo Mouliné Spécial 15,https://disenosparabordar.com/wp-content/uploads/2021/11/11715.jpg,https://disenosparabordar.com/producto/hilo-mouline-special-15
1, Hilo Mouliné Spécial 16,https://disenosparabordar.com/wp-content/uploads/2021/11/11716.jpg,https://disenosparabordar.com/producto/hilo-mouline-special-16
2, Hilo Mouliné Spécial 17,https://disenosparabordar.com/wp-content/uploads/2021/11/11717.jpg,https://disenosparabordar.com/producto/hilo-mouline-special-17
3, Hilo Mouliné Spécial 18,https://disenosparabordar.com/wp-content/uploads/2021/11/11718.jpg,https://disenosparabordar.com/producto/hilo-mouline-special-18
4, Hilo Mouliné Spécial 19,https://disenosparabordar.com/wp-content/uploads/2021/11/11719.jpg,https://disenosparabordar.com/producto/hilo-mouline-special-19
5, Hilo Mouliné Spécial 20,https://disenosparabordar.com/wp-content/uploads/2021/11/11720.jpg,https://disenosparabordar.com/producto/hilomouline-special-20
6, Hilo Mouliné Spécial 21,https://disenosparabordar.com/wp-content/uploads/2021/11/11721.jpg,https://disenosparabordar.com/producto/hilo-mouline-special-21
7, Hilo Mouliné Spécial 22,https://disenosparabordar.com/wp-content/uploads/2021/11/11722.jpg,https://disenosparabordar.com/producto/hilo-mouline-special-22
8, Hilo Mouliné Spécial 23,https://disenosparabordar.com/wp-content/uploads/2021/11/11723.jpg,https://disenosparabordar.com/producto/hilomouline-special-23
9, Hilo Mouliné Spécial 24,https://disenosparabordar.com/wp-content/uploads/2021/11/11724.jpg,https://disenosparabordar.com/producto/hilo-mouline-special-24
10, Hilo Mouliné Spécial 06,https://disenosparabordar.com/wp-content/uploads/2021/11/11706.jpg,https://disenosparabordar.com/producto/hilo-mouline-special-06
11, Hilo Mouliné Spécial 25,https://disenosparabordar.com/wp-content/uploads/2021/11/11725.jpg,https://disenosparabordar.com/producto/hilo-mouline-special-25
12, Hilo Mouliné Spécial 26,https://disenosparabordar.com/wp-content/uploads/2021/11/11726.jpg,https://disenosparabordar.com/producto/hilo-mouline-special-26
13, Hilo Mouliné Spécial 27,https://disenosparabordar.com/wp-content/uploads/2021/11/11727.jpg,https://disenosparabordar.com/producto/hilo-mouline-special-27
14, Hilo Mouliné Spécial 28,https://disenosparabordar.com/wp-content/uploads/2021/11/11728.jpg,https://disenosparabordar.com/producto/hilo-mouline-special-28
15, Hilo Mouliné Spécial 29,https://disenosparabordar.com/wp-content/uploads/2021/11/11729.jpg,https://disenosparabordar.com/producto/hilo-mouline-special-29
16, Hilo Mouliné Spécial 30,https://disenosparabordar.com/wp-content/uploads/2021/11/11730.jpg,https://disenosparabordar.com/producto/hilo-mouline-special-30
17, Hilo Mouliné Spécial 31,https://disenosparabordar.com/wp-content/uploads/2021/11/11731.jpg,https://disenosparabordar.com/producto/hilo-mouline-special-31
18, Hilo Mouliné Spécial 32,https://disenosparabordar.com/wp-content/uploads/2021/11/11732.jpg,https://disenosparabordar.com/producto/hilo-mouline-special-32
19, Hilo Mouliné Spécial 33,https://disenosparabordar.com/wp-content/uploads/2021/11/11733.jpg,https://disenosparabordar.com/producto/hilo-mouline-special-33
20, Hilo Mouliné Spécial 34,https://disenosparabordar.com/wp-content/uploads/2021/11/11734.jpg,https://disenosparabordar.com/producto/hilo-mouline-special-34
21, Hilo Mouliné Spécial 35,https://disenosparabordar.com/wp-content/uploads/2021/11/11735.jpg,https://disenosparabordar.com/producto/hilo-mouline-special-35
22, Hilo Mouliné Spécial 48,https://disenosparabordar.com/wp-content/uploads/2021/11/11748.jpg,https://disenosparabordar.com/producto/hilo-mouline-special-48
23, Hilo Mouliné Spécial 51,https://disenosparabordar.com/wp-content/uploads/2021/11/11751.jpg,https://disenosparabordar.com/producto/hilo-mouline-special-51
24, Hilo Mouliné Spécial 52,https://disenosparabordar.com/wp-content/uploads/2021/11/11752.jpg,https://disenosparabordar.com/producto/hilo-mouline-special-52
25, Hilo Mouliné Spécial 53,https://disenosparabordar.com/wp-content/uploads/2021/11/11753.jpg,https://disenosparabordar.com/producto/hilo-mouline-special-53
26, Hilo Mouliné Spécial 67,https://disenosparabordar.com/wp-content/uploads/2021/11/11767.jpg,https://disenosparabordar.com/producto/hilo-mouline-special-67
27, Hilo Mouliné Spécial 69,https://disenosparabordar.com/wp-content/uploads/2021/11/11769.jpg,https://disenosparabordar.com/producto/hilo-mouline-special-69
28, Hilo Mouliné Spécial 90,https://disenosparabordar.com/wp-content/uploads/2021/11/11790.jpg,https://disenosparabordar.com/producto/hilo-mouline-special-90
29, Hilo Mouliné Spécial 93,https://disenosparabordar.com/wp-content/uploads/2021/11/11793.jpg,https://disenosparabordar.com/producto/hilo-mouline-special-93
30, Hilo Mouliné Spécial 94,https://disenosparabordar.com/wp-content/uploads/2021/11/11794.jpg,https://disenosparabordar.com/producto/hilo-mouline-special-94
31, Hilo Mouliné Spécial 99,https://disenosparabordar.com/wp-content/uploads/2021/11/11799.jpg,https://disenosparabordar.com/producto/hilo-mouline-special-99
32, Hilo Mouliné Spécial 07,https://disenosparabordar.com/wp-content/uploads/2021/11/11707.jpg,https://disenosparabordar.com/producto/hilo-mouline-special-07
33, Hilo Mouliné Spécial 105,https://disenosparabordar.com/wp-content/uploads/2021/11/117105.jpg,https://disenosparabordar.com/producto/hilo-mouline-special-105
34, Hilo Mouliné Spécial 106,https://disenosparabordar.com/wp-content/uploads/2021/11/117106.jpg,https://disenosparabordar.com/producto/hilo-mouline-special-106
35, Hilo Mouliné Spécial 107,https://disenosparabordar.com/wp-content/uploads/2021/11/117107.jpg,https://disenosparabordar.com/producto/hilo-mouline-special-107
36, Hilo Mouliné Spécial 111,https://disenosparabordar.com/wp-content/uploads/2021/11/117111.jpg,https://disenosparabordar.com/producto/hilo-mouline-special-111
37, Hilo Mouliné Spécial 115,https://disenosparabordar.com/wp-content/uploads/2021/11/117115.jpg,https://disenosparabordar.com/producto/hilo-mouline-special-115
38, Hilo Mouliné Spécial 121,https://disenosparabordar.com/wp-content/uploads/2021/11/117121.jpg,https://disenosparabordar.com/producto/hilo-mouline-special-121
39, Hilo Mouliné Spécial 125,https://disenosparabordar.com/wp-content/uploads/2021/11/117125.jpg,https://disenosparabordar.com/producto/hilo-mouline-special-125
40, Hilo Mouliné Spécial 150,https://disenosparabordar.com/wp-content/uploads/2021/11/117150.jpg,https://disenosparabordar.com/producto/hilo-mouline-special-150
41, Hilo Mouliné Spécial 151,https://disenosparabordar.com/wp-content/uploads/2021/11/117151.jpg,https://disenosparabordar.com/producto/hilo-mouline-special-151
42, Hilo Mouliné Spécial 152,https://disenosparabordar.com/wp-content/uploads/2021/11/117152.jpg,https://disenosparabordar.com/producto/hilo-mouline-special-152
43, Hilo Mouliné Spécial 153,https://disenosparabordar.com/wp-content/uploads/2021/11/117153.jpg,https://disenosparabordar.com/producto/hilo-mouline-special-153
44, Hilo Mouliné Spécial 154,https://disenosparabordar.com/wp-content/uploads/2021/11/117154.jpg,https://disenosparabordar.com/producto/hilo-mouline-special-154
45, Hilo Mouliné Spécial 155,https://disenosparabordar.com/wp-content/uploads/2021/11/117155.jpg,https://disenosparabordar.com/producto/hilo-mouline-special-155
46, Hilo Mouliné Spécial 156,https://disenosparabordar.com/wp-content/uploads/2021/11/117156.jpg,https://disenosparabordar.com/producto/hilo-mouline-special-156
47, Hilo Mouliné Spécial 157,https://disenosparabordar.com/wp-content/uploads/2021/11/117157.jpg,https://disenosparabordar.com/producto/hilo-mouline-special-157
48, Hilo Mouliné Spécial 158,https://disenosparabordar.com/wp-content/uploads/2021/11/117158.jpg,https://disenosparabordar.com/producto/hilo-mouline-special-158
49, Hilo Mouliné Spécial 159,https://disenosparabordar.com/wp-content/uploads/2021/11/117159.jpg,https://disenosparabordar.com/producto/hilo-mouline-special-159
50, Hilo Mouliné Spécial 160,https://disenosparabordar.com/wp-content/uploads/2021/11/117160.jpg,https://disenosparabordar.com/producto/hilo-mouline-special-160
51, Hilo Mouliné Spécial 161,https://disenosparabordar.com/wp-content/uploads/2021/11/117161.jpg,https://disenosparabordar.com/producto/hilo-mouline-special-161
52, Hilo Mouliné Spécial 162,https://disenosparabordar.com/wp-content/uploads/2021/11/117162.jpg,https://disenosparabordar.com/producto/hilo-mouline-special-162
53, Hilo Mouliné Spécial 163,https://disenosparabordar.com/wp-content/uploads/2021/11/117163.jpg,https://disenosparabordar.com/producto/hilo-mouline-special-163
54, Hilo Mouliné Spécial 08,https://disenosparabordar.com/wp-content/uploads/2021/11/11708.jpg,https://disenosparabordar.com/producto/hilo-mouline-special-08
55, Hilo Mouliné Spécial 164,https://disenosparabordar.com/wp-content/uploads/2021/11/117164.jpg,https://disenosparabordar.com/producto/hilo-mouline-special-164
56, Hilo Mouliné Spécial Blanc,https://disenosparabordar.com/wp-content/uploads/2021/11/117BLANC.jpg,https://disenosparabordar.com/producto/hilo-mouline-special-blanc
57, Hilo Mouliné Spécial 165,https://disenosparabordar.com/wp-content/uploads/2021/11/117165.jpg,https://disenosparabordar.com/producto/hilo-mouline-special-165
58, Hilo Mouliné Spécial 166,https://disenosparabordar.com/wp-content/uploads/2021/11/117166.jpg,https://disenosparabordar.com/producto/hilo-mouline-special-166
59, Hilo Mouliné Spécial 167,https://disenosparabordar.com/wp-content/uploads/2021/11/117167.jpg,https://disenosparabordar.com/producto/hilo-mouline-special-167
60, Hilo Mouliné Spécial 168,https://disenosparabordar.com/wp-content/uploads/2021/11/117168.jpg,https://disenosparabordar.com/producto/hilo-mouline-special-168
61, Hilo Mouliné Spécial 169,https://disenosparabordar.com/wp-content/uploads/2021/11/117169.jpg,https://disenosparabordar.com/producto/hilo-mouline-special-169
62, Hilo Mouliné Spécial 208,https://disenosparabordar.com/wp-content/uploads/2021/11/117208.jpg,https://disenosparabordar.com/producto/hilo-mouline-special-208
63, Hilo Mouliné Spécial 209,https://disenosparabordar.com/wp-content/uploads/2021/11/117209.jpg,https://disenosparabordar.com/producto/hilo-mouline-special-209
64, Hilo Mouliné Spécial 210,https://disenosparabordar.com/wp-content/uploads/2021/11/117210.jpg,https://disenosparabordar.com/producto/hilo-mouline-special-210
65, Hilo Mouliné Spécial 211,https://disenosparabordar.com/wp-content/uploads/2021/11/117211.jpg,https://disenosparabordar.com/producto/hilo-mouline-special-211
66, Hilo Mouliné Spécial 221,https://disenosparabordar.com/wp-content/uploads/2021/11/117221.jpg,https://disenosparabordar.com/producto/hilo-mouline-special-221
67, Hilo Mouliné Spécial 223,https://disenosparabordar.com/wp-content/uploads/2021/11/117223.jpg,https://disenosparabordar.com/producto/hilo-mouline-special-223
68, Hilo Mouliné Spécial 224,https://disenosparabordar.com/wp-content/uploads/2021/11/117224.jpg,https://disenosparabordar.com/producto/hilo-mouline-special-224
69, Hilo Mouliné Spécial 225,https://disenosparabordar.com/wp-content/uploads/2021/11/117225.jpg,https://disenosparabordar.com/producto/hilo-mouline-special-225
70, Hilo Mouliné Spécial 300,https://disenosparabordar.com/wp-content/uploads/2021/11/117300.jpg,https://disenosparabordar.com/producto/hilo-mouline-special-300
71, Hilo Mouliné Spécial 301,https://disenosparabordar.com/wp-content/uploads/2021/11/117301.jpg,https://disenosparabordar.com/producto/hilo-mouline-special-301
72, Hilo Mouliné Spécial 304,https://disenosparabordar.com/wp-content/uploads/2021/11/117304.jpg,https://disenosparabordar.com/producto/hilo-mouline-special-304
73, Hilo Mouliné Spécial 307,https://disenosparabordar.com/wp-content/uploads/2021/11/117307.jpg,https://disenosparabordar.com/producto/hilo-mouline-special-307
74, Hilo Mouliné Spécial 309,https://disenosparabordar.com/wp-content/uploads/2021/11/117309.jpg,https://disenosparabordar.com/producto/hilo-mouline-special-309
75, Hilo Mouliné Spécial 310,https://disenosparabordar.com/wp-content/uploads/2021/11/117310.jpg,https://disenosparabordar.com/producto/hilo-mouline-special-310
76, Hilo Mouliné Spécial 311,https://disenosparabordar.com/wp-content/uploads/2021/11/117311.jpg,https://disenosparabordar.com/producto/hilo-mouline-special-311
77, Hilo Mouliné Spécial 09,https://disenosparabordar.com/wp-content/uploads/2021/11/11709.jpg,https://disenosparabordar.com/producto/hilo-mouline-special-09
78, Hilo Mouliné Spécial 312,https://disenosparabordar.com/wp-content/uploads/2021/11/117312.jpg,https://disenosparabordar.com/producto/hilo-mouline-special-312
79, Hilo Mouliné Spécial 01,https://disenosparabordar.com/wp-content/uploads/2021/11/11701.jpg,https://disenosparabordar.com/producto/hilo-mouline-special-01
80, Hilo Mouliné Spécial 315,https://disenosparabordar.com/wp-content/uploads/2021/11/117315.jpg,https://disenosparabordar.com/producto/hilo-mouline-special-315
81, Hilo Mouliné Spécial 316,https://disenosparabordar.com/wp-content/uploads/2021/11/117316.jpg,https://disenosparabordar.com/producto/hilo-mouline-special-316
82, Hilo Mouliné Spécial 317,https://disenosparabordar.com/wp-content/uploads/2021/11/117317.jpg,https://disenosparabordar.com/producto/hilo-mouline-special-317
83, Hilo Mouliné Spécial 318,https://disenosparabordar.com/wp-content/uploads/2021/11/117318.jpg,https://disenosparabordar.com/producto/hilo-mouline-special-318
84, Hilo Mouliné Spécial 319,https://disenosparabordar.com/wp-content/uploads/2021/11/117319.jpg,https://disenosparabordar.com/producto/hilo-mouline-special-319
85, Hilo Mouliné Spécial 320,https://disenosparabordar.com/wp-content/uploads/2021/11/117320.jpg,https://disenosparabordar.com/producto/hilo-mouline-special-320
86, Hilo Mouliné Spécial 321,https://disenosparabordar.com/wp-content/uploads/2021/11/117321.jpg,https://disenosparabordar.com/producto/hilo-mouline-special-321
87, Hilo Mouliné Spécial 322,https://disenosparabordar.com/wp-content/uploads/2021/11/117322.jpg,https://disenosparabordar.com/producto/hilo-mouline-special-322
88, Hilo Mouliné Spécial 326,https://disenosparabordar.com/wp-content/uploads/2021/11/117326.jpg,https://disenosparabordar.com/producto/hilo-mouline-special-326
89, Hilo Mouliné Spécial 327,https://disenosparabordar.com/wp-content/uploads/2021/11/117327.jpg,https://disenosparabordar.com/producto/hilo-mouline-special-327
90, Hilo Mouliné Spécial 333,https://disenosparabordar.com/wp-content/uploads/2021/11/117333.jpg,https://disenosparabordar.com/producto/hilo-mouline-special-333
91, Hilo Mouliné Spécial 334,https://disenosparabordar.com/wp-content/uploads/2021/11/117334.jpg,https://disenosparabordar.com/producto/hilo-mouline-special-334
92, Hilo Mouliné Spécial 335,https://disenosparabordar.com/wp-content/uploads/2021/11/117335.jpg,https://disenosparabordar.com/producto/hilo-mouline-special-335
93, Hilo Mouliné Spécial 336,https://disenosparabordar.com/wp-content/uploads/2021/11/117336.jpg,https://disenosparabordar.com/producto/hilo-mouline-special-336
94, Hilo Mouliné Spécial 340,https://disenosparabordar.com/wp-content/uploads/2021/11/117340.jpg,https://disenosparabordar.com/producto/hilo-mouline-special-340
95, Hilo Mouliné Spécial 341,https://disenosparabordar.com/wp-content/uploads/2021/11/117341.jpg,https://disenosparabordar.com/producto/hilo-mouline-special-341
96, Hilo Mouliné Spécial 347,https://disenosparabordar.com/wp-content/uploads/2021/11/117347.jpg,https://disenosparabordar.com/producto/hilo-mouline-special-347
97, Hilo Mouliné Spécial 349,https://disenosparabordar.com/wp-content/uploads/2021/11/117349.jpg,https://disenosparabordar.com/producto/hilo-mouline-special-349
98, Hilo Mouliné Spécial 350,https://disenosparabordar.com/wp-content/uploads/2021/11/117350.jpg,https://disenosparabordar.com/producto/hilo-mouline-special-350
99, Hilo Mouliné Spécial 351,https://disenosparabordar.com/wp-content/uploads/2021/11/117351.jpg,https://disenosparabordar.com/producto/hilo-mouline-special-351
